{"cameraMode":{"drawMode":0,"name":"Shaded","section":"Shading Mode"},"sceneLighting":false,"audioPlay":false,"sceneViewState":{"m_AlwaysRefresh":false,"showFog":true,"showSkybox":false,"showFlares":true,"showImageEffects":true,"showParticleSystems":true,"showVisualEffectGraphs":true,"m_FxEnabled":true},"in2DMode":false,"pivot":{"x":3.3479232788085939,"y":1.0271759033203126,"z":0.9328136444091797},"rotation":{"x":0.41186490654945376,"y":-0.0013668654719367624,"z":0.0006177992909215391,"w":0.9112440347671509},"size":15.246185302734375,"orthographic":false}