{"cameraMode":{"drawMode":0,"name":"Shaded","section":"Shading Mode"},"sceneLighting":true,"audioPlay":false,"sceneViewState":{"m_AlwaysRefresh":false,"showFog":true,"showSkybox":true,"showFlares":true,"showImageEffects":true,"showParticleSystems":true,"showVisualEffectGraphs":true,"m_FxEnabled":true},"in2DMode":false,"pivot":{"x":107.06993103027344,"y":16.73186492919922,"z":21.012088775634767},"rotation":{"x":0.32902252674102785,"y":-0.12555542588233949,"z":0.04418744146823883,"w":0.9348950386047363},"size":84.63387298583985,"orthographic":true}