{"cameraMode":{"drawMode":0,"name":"Shaded","section":"Shading Mode"},"sceneLighting":false,"audioPlay":false,"sceneViewState":{"m_AlwaysRefresh":false,"showFog":true,"showSkybox":false,"showFlares":true,"showImageEffects":true,"showParticleSystems":true,"showVisualEffectGraphs":true,"m_FxEnabled":true},"in2DMode":false,"pivot":{"x":0.03464984893798828,"y":2.7601122856140138,"z":0.08577293157577515},"rotation":{"x":0.3062054216861725,"y":-0.24474385380744935,"z":0.0817851722240448,"w":0.9163265824317932},"size":4.338690757751465,"orthographic":true}