{"cameraMode":{"drawMode":0,"name":"Shaded","section":"Shading Mode"},"sceneLighting":false,"audioPlay":false,"sceneViewState":{"m_AlwaysRefresh":false,"showFog":true,"showSkybox":false,"showFlares":true,"showImageEffects":true,"showParticleSystems":true,"showVisualEffectGraphs":true,"m_FxEnabled":true},"in2DMode":false,"pivot":{"x":9.606739044189454,"y":6.898317337036133,"z":0.39815372228622439},"rotation":{"x":0.1401052325963974,"y":-0.6124955415725708,"z":0.11145517230033875,"w":0.7699353098869324},"size":16.472003936767579,"orthographic":true}